<?xml version="1.0" encoding="UTF-8" ?>
<!DOCTYPE mapper PUBLIC "-//mybatis.org//DTD Mapper 3.0//EN"
        "http://mybatis.org/dtd/mybatis-3-mapper.dtd" >
<mapper namespace="com.hfut.studentmanager.mapper.TeacherMapper">


    <update id="updateTeacher">
        update teacher
        <set>
            <if test="number != null">number = #{number},</if>
            <if test="name != null">name = #{name},</if>
            <if test="sex != null">sex = #{sex},</if>
            <if test="phone != null">phone = #{phone},</if>
            <if test="qq != null">qq = #{qq}</if>
        </set>
        where id = #{id}
    </update>


</mapper>